workload,variant,structure,n,time_ms,steps,moves,comparisons
W1,-,DynamicArray,100,0.044600,10000,0,0
W1,-,MyLinkedList,100,0.397400,501508,0,0
W2,-,DynamicArray,100,0.060800,75534,0,75534
W2,-,MyLinkedList,100,0.148900,75034,0,75534
W3,head,DynamicArray,100,0.316900,1201920,1200920,0
W3,head,MyLinkedList,100,0.013100,1000,3000,0
W3,middle,DynamicArray,100,0.302000,1101920,1100920,0
W3,middle,MyLinkedList,100,0.112800,101000,3000,0
W4,-,MinHeap,100,0.005400,1972,1237,1035
W1,-,DynamicArray,1000,0.019800,10000,0,0
W1,-,MyLinkedList,1000,5.492000,5005208,0,0
W2,-,DynamicArray,1000,0.319900,750510,0,750510
W2,-,MyLinkedList,1000,1.284000,750010,0,750510
W3,head,DynamicArray,1000,0.610000,3001024,3000024,0
W3,head,MyLinkedList,1000,0.006800,1000,3000,0
W3,middle,DynamicArray,1000,0.404600,2001024,2000024,0
W3,middle,MyLinkedList,1000,1.085500,1001000,3000,0
W4,-,MinHeap,1000,0.087700,29973,19209,17226
W1,-,DynamicArray,10000,0.018400,10000,0,0
W1,-,MyLinkedList,10000,56.571700,50129208,0,0
W2,-,DynamicArray,10000,3.339800,7403734,0,7403734
W2,-,MyLinkedList,10000,11.782700,7403234,0,7403734
W3,head,DynamicArray,10000,3.976300,21000000,20999000,0
W3,head,MyLinkedList,10000,0.006400,1000,3000,0
W3,middle,DynamicArray,10000,2.072000,11000000,10999000,0
W3,middle,MyLinkedList,10000,11.269500,10001000,3000,0
W4,-,MinHeap,10000,0.852500,406672,265471,239329
W1,-,DynamicArray,100000,0.019500,10000,0,0
W1,-,MyLinkedList,100000,584.443600,502489208,0,0
W2,-,DynamicArray,100000,30.755900,74174335,0,74174335
W2,-,MyLinkedList,100000,120.145900,74173835,0,74174335
W3,head,DynamicArray,100000,38.799800,201000000,200999000,0
W3,head,MyLinkedList,100000,0.008400,1000,3000,0
W3,middle,DynamicArray,100000,19.453300,101000000,100999000,0
W3,middle,MyLinkedList,100000,116.260400,100001000,3000,0
W4,-,MinHeap,100000,10.501900,5033587,3287423,3059125
